DROP DATABASE IF EXISTS notas_db;
CREATE DATABASE notas_db;
USE notas_db;

DROP TABLE IF EXISTS `usuarios`;
CREATE TABLE `usuarios` (
  `id` INT NOT NULL AUTO_INCREMENT,
  `nombre` VARCHAR(50) NOT NULL,
  `email` VARCHAR(50) NOT NULL,
  PRIMARY KEY (`id`));
  
INSERT INTO usuarios (id, nombre, email) VALUES (1, 'Bertine Menat', 'bmenat0@multiply.com');
INSERT INTO usuarios (id, nombre, email) VALUES (2, 'Ruddy Leban', 'rleban1@github.com');
INSERT INTO usuarios (id, nombre, email) VALUES (3, 'Audi Von Brook', 'avon2@ow.ly');
INSERT INTO usuarios (id, nombre, email) VALUES (4, 'Had Mityakov', 'hmityakov3@google.co.jp');
INSERT INTO usuarios (id, nombre, email) VALUES (5, 'Alfy Skellon', 'askellon4@mtv.com');
INSERT INTO usuarios (id, nombre, email) VALUES (6, 'Danielle Warmington', 'dwarmington5@amazon.de');
INSERT INTO usuarios (id, nombre, email) VALUES (7, 'Bonnibelle Henriques', 'bhenriques6@bbb.org');
INSERT INTO usuarios (id, nombre, email) VALUES (8, 'Aharon Oury', 'aoury7@usatoday.com');
INSERT INTO usuarios (id, nombre, email) VALUES (9, 'Odelle Coalbran', 'ocoalbran8@theguardian.com');
INSERT INTO usuarios (id, nombre, email) VALUES (10, 'Lainey Barnet', 'lbarnet9@usatoday.com');
INSERT INTO usuarios (id, nombre, email) VALUES (11, 'Candice Rumbold', 'crumbolda@myspace.com');
INSERT INTO usuarios (id, nombre, email) VALUES (12, 'Buckie Possa', 'bpossab@goo.gl');
INSERT INTO usuarios (id, nombre, email) VALUES (13, 'Archibald Dirand', 'adirandc@walmart.com');
INSERT INTO usuarios (id, nombre, email) VALUES (14, 'Karel Angus', 'kangusd@google.de');
INSERT INTO usuarios (id, nombre, email) VALUES (15, 'Netti Elfe', 'nelfee@imgur.com');
INSERT INTO usuarios (id, nombre, email) VALUES (16, 'Standford Probat', 'sprobatf@europa.eu');
INSERT INTO usuarios (id, nombre, email) VALUES (17, 'Johnathon Kelledy', 'jkelledyg@irs.gov');
INSERT INTO usuarios (id, nombre, email) VALUES (18, 'Indira Gard', 'igardh@hubpages.com');
INSERT INTO usuarios (id, nombre, email) VALUES (19, 'Nate Orpin', 'norpini@cnet.com');
INSERT INTO usuarios (id, nombre, email) VALUES (20, 'Shirlee Pickavance', 'spickavancej@omniture.com');
INSERT INTO usuarios (id, nombre, email) VALUES (21, 'Sophi Haberfield', 'shaberfieldk@pinterest.com');
INSERT INTO usuarios (id, nombre, email) VALUES (22, 'Candide Peaseman', 'cpeasemanl@comsenz.com');
INSERT INTO usuarios (id, nombre, email) VALUES (23, 'Mata Drewitt', 'mdrewittm@nationalgeographic.com');
INSERT INTO usuarios (id, nombre, email) VALUES (24, 'Stillmann Crannach', 'scrannachn@nymag.com');
INSERT INTO usuarios (id, nombre, email) VALUES (25, 'Jessey Baldin', 'jbaldino@seattletimes.com');
INSERT INTO usuarios (id, nombre, email) VALUES (26, 'Patton Francomb', 'pfrancombp@cmu.edu');
INSERT INTO usuarios (id, nombre, email) VALUES (27, 'Jillian Aumerle', 'jaumerleq@usnews.com');
INSERT INTO usuarios (id, nombre, email) VALUES (28, 'Margery Durrell', 'mdurrellr@sitemeter.com');
INSERT INTO usuarios (id, nombre, email) VALUES (29, 'Frayda Arthy', 'farthys@alexa.com');
INSERT INTO usuarios (id, nombre, email) VALUES (30, 'Pandora Curgenuer', 'pcurgenuert@slideshare.net');
INSERT INTO usuarios (id, nombre, email) VALUES (31, 'Ines Chritchlow', 'ichritchlowu@delicious.com');
INSERT INTO usuarios (id, nombre, email) VALUES (32, 'Sara Dionsetti', 'sdionsettiv@vimeo.com');
INSERT INTO usuarios (id, nombre, email) VALUES (33, 'Abe Connah', 'aconnahw@sogou.com');
INSERT INTO usuarios (id, nombre, email) VALUES (34, 'Hal Ionn', 'hionnx@ed.gov');
INSERT INTO usuarios (id, nombre, email) VALUES (35, 'Jyoti Ambrosio', 'jambrosioy@altervista.org');
INSERT INTO usuarios (id, nombre, email) VALUES (36, 'Catherin Kimbley', 'ckimbleyz@hatena.ne.jp');
INSERT INTO usuarios (id, nombre, email) VALUES (37, 'Dylan Beecroft', 'dbeecroft10@booking.com');
INSERT INTO usuarios (id, nombre, email) VALUES (38, 'Matteo Barends', 'mbarends11@npr.org');
INSERT INTO usuarios (id, nombre, email) VALUES (39, 'Tomlin Musico', 'tmusico12@skype.com');
INSERT INTO usuarios (id, nombre, email) VALUES (40, 'Hercule Thraves', 'hthraves13@baidu.com');
INSERT INTO usuarios (id, nombre, email) VALUES (41, 'Vassily Skones', 'vskones14@soundcloud.com');
INSERT INTO usuarios (id, nombre, email) VALUES (42, 'Pia Bangle', 'pbangle15@photobucket.com');
INSERT INTO usuarios (id, nombre, email) VALUES (43, 'Bobby Kayne', 'bkayne16@domainmarket.com');
INSERT INTO usuarios (id, nombre, email) VALUES (44, 'Grazia McAllen', 'gmcallen17@edublogs.org');
INSERT INTO usuarios (id, nombre, email) VALUES (45, 'Maegan Burkill', 'mburkill18@cyberchimps.com');
INSERT INTO usuarios (id, nombre, email) VALUES (46, 'Yardley Dineen', 'ydineen19@unc.edu');
INSERT INTO usuarios (id, nombre, email) VALUES (47, 'Ignacio Gut', 'igut1a@whitehouse.gov');
INSERT INTO usuarios (id, nombre, email) VALUES (48, 'Fritz Ferebee', 'fferebee1b@cpanel.net');
INSERT INTO usuarios (id, nombre, email) VALUES (49, 'Armando Cheal', 'acheal1c@google.it');
INSERT INTO usuarios (id, nombre, email) VALUES (50, 'Windham McCrillis', 'wmccrillis1d@techcrunch.com');
INSERT INTO usuarios (id, nombre, email) VALUES (51, 'Gavan Cattellion', 'gcattellion1e@narod.ru');
INSERT INTO usuarios (id, nombre, email) VALUES (52, 'Vanessa Keneford', 'vkeneford1f@exblog.jp');
INSERT INTO usuarios (id, nombre, email) VALUES (53, 'Allegra Gascoyne', 'agascoyne1g@webnode.com');
INSERT INTO usuarios (id, nombre, email) VALUES (54, 'Kaitlyn Leebetter', 'kleebetter1h@trellian.com');
INSERT INTO usuarios (id, nombre, email) VALUES (55, 'Stacia Newlyn', 'snewlyn1i@flavors.me');
INSERT INTO usuarios (id, nombre, email) VALUES (56, 'Ewan Panting', 'epanting1j@census.gov');
INSERT INTO usuarios (id, nombre, email) VALUES (57, 'Ash Enion', 'aenion1k@homestead.com');
INSERT INTO usuarios (id, nombre, email) VALUES (58, 'Guillaume Giabuzzi', 'ggiabuzzi1l@photobucket.com');
INSERT INTO usuarios (id, nombre, email) VALUES (59, 'Merry Kalker', 'mkalker1m@wiley.com');
INSERT INTO usuarios (id, nombre, email) VALUES (60, 'Estelle Ranger', 'eranger1n@clickbank.net');
INSERT INTO usuarios (id, nombre, email) VALUES (61, 'Mackenzie Rochelle', 'mrochelle1o@google.com');
INSERT INTO usuarios (id, nombre, email) VALUES (62, 'Deana Vasilyonok', 'dvasilyonok1p@google.de');
INSERT INTO usuarios (id, nombre, email) VALUES (63, 'Erinna Lowerson', 'elowerson1q@sfgate.com');
INSERT INTO usuarios (id, nombre, email) VALUES (64, 'Jenni Doyley', 'jdoyley1r@cpanel.net');
INSERT INTO usuarios (id, nombre, email) VALUES (65, 'Belia Swindlehurst', 'bswindlehurst1s@fastcompany.com');
INSERT INTO usuarios (id, nombre, email) VALUES (66, 'Myles Sumbler', 'msumbler1t@privacy.gov.au');
INSERT INTO usuarios (id, nombre, email) VALUES (67, 'Ceil Cupitt', 'ccupitt1u@rediff.com');
INSERT INTO usuarios (id, nombre, email) VALUES (68, 'Stanton Streater', 'sstreater1v@rambler.ru');
INSERT INTO usuarios (id, nombre, email) VALUES (69, 'Michell Kull', 'mkull1w@taobao.com');
INSERT INTO usuarios (id, nombre, email) VALUES (70, 'Oren Kornyakov', 'okornyakov1x@whitehouse.gov');
INSERT INTO usuarios (id, nombre, email) VALUES (71, 'Meredeth Ponnsett', 'mponnsett1y@behance.net');
INSERT INTO usuarios (id, nombre, email) VALUES (72, 'Hesther Wagge', 'hwagge1z@dagondesign.com');
INSERT INTO usuarios (id, nombre, email) VALUES (73, 'Sergei Igoe', 'sigoe20@so-net.ne.jp');
INSERT INTO usuarios (id, nombre, email) VALUES (74, 'Buckie Baytrop', 'bbaytrop21@omniture.com');
INSERT INTO usuarios (id, nombre, email) VALUES (75, 'Bel Roads', 'broads22@guardian.co.uk');
INSERT INTO usuarios (id, nombre, email) VALUES (76, 'Alyda Dawtrey', 'adawtrey23@mlb.com');
INSERT INTO usuarios (id, nombre, email) VALUES (77, 'Starr Beagley', 'sbeagley24@angelfire.com');
INSERT INTO usuarios (id, nombre, email) VALUES (78, 'Brook McAne', 'bmcane25@yelp.com');
INSERT INTO usuarios (id, nombre, email) VALUES (79, 'Spenser Kliemchen', 'skliemchen26@earthlink.net');
INSERT INTO usuarios (id, nombre, email) VALUES (80, 'Leonerd Potebury', 'lpotebury27@ucsd.edu');
INSERT INTO usuarios (id, nombre, email) VALUES (81, 'Dotti Bayfield', 'dbayfield28@cbslocal.com');
INSERT INTO usuarios (id, nombre, email) VALUES (82, 'Niccolo Asmus', 'nasmus29@amazon.com');
INSERT INTO usuarios (id, nombre, email) VALUES (83, 'Georgine Belone', 'gbelone2a@pagesperso-orange.fr');
INSERT INTO usuarios (id, nombre, email) VALUES (84, 'Cynde Zaple', 'czaple2b@drupal.org');
INSERT INTO usuarios (id, nombre, email) VALUES (85, 'Verge Winckles', 'vwinckles2c@paypal.com');
INSERT INTO usuarios (id, nombre, email) VALUES (86, 'Madelene Bollis', 'mbollis2d@ucoz.com');
INSERT INTO usuarios (id, nombre, email) VALUES (87, 'Artair Rantoull', 'arantoull2e@amazon.de');
INSERT INTO usuarios (id, nombre, email) VALUES (88, 'Zebadiah Tamburo', 'ztamburo2f@goodreads.com');
INSERT INTO usuarios (id, nombre, email) VALUES (89, 'Forster MacTimpany', 'fmactimpany2g@scribd.com');
INSERT INTO usuarios (id, nombre, email) VALUES (90, 'Rodrique Borsi', 'rborsi2h@google.it');
INSERT INTO usuarios (id, nombre, email) VALUES (91, 'Oswald Attaway', 'oattaway2i@fema.gov');
INSERT INTO usuarios (id, nombre, email) VALUES (92, 'Beatrix Gilliland', 'bgilliland2j@furl.net');
INSERT INTO usuarios (id, nombre, email) VALUES (93, 'Humberto Swett', 'hswett2k@about.me');
INSERT INTO usuarios (id, nombre, email) VALUES (94, 'Dallon Canton', 'dcanton2l@webs.com');
INSERT INTO usuarios (id, nombre, email) VALUES (95, 'Silvana Luney', 'sluney2m@nps.gov');
INSERT INTO usuarios (id, nombre, email) VALUES (96, 'Amelie Kalvin', 'akalvin2n@gov.uk');
INSERT INTO usuarios (id, nombre, email) VALUES (97, 'Romy Impett', 'rimpett2o@skype.com');
INSERT INTO usuarios (id, nombre, email) VALUES (98, 'Magdalena Casbourne', 'mcasbourne2p@rambler.ru');
INSERT INTO usuarios (id, nombre, email) VALUES (99, 'Lotti Hubbold', 'lhubbold2q@google.it');

DROP TABLE IF EXISTS `categorias`;  
CREATE TABLE `categorias` (
  `id` INT NOT NULL AUTO_INCREMENT,
  `nombre` VARCHAR(50) NULL,
  PRIMARY KEY (`id`));

INSERT INTO categorias (id, nombre) VALUES (1,'Finanzas');
INSERT INTO categorias (id, nombre) VALUES (2,'Actualidad');
INSERT INTO categorias (id, nombre) VALUES (3,'Trabajo');
INSERT INTO categorias (id, nombre) VALUES (4,'Economía');
INSERT INTO categorias (id, nombre) VALUES (5,'Deportes');
INSERT INTO categorias (id, nombre) VALUES (6,'Música');
INSERT INTO categorias (id, nombre) VALUES (7,'Política');
INSERT INTO categorias (id, nombre) VALUES (8,'Programación');
INSERT INTO categorias (id, nombre) VALUES (9,'Idiomas');
INSERT INTO categorias (id, nombre) VALUES (10,'Tecnología');
INSERT INTO categorias (id, nombre) VALUES (11,'Novedades');
INSERT INTO categorias (id, nombre) VALUES (12,'Divulgación');
INSERT INTO categorias (id, nombre) VALUES (13,'Receta');
INSERT INTO categorias (id, nombre) VALUES (14,'Medicina');
INSERT INTO categorias (id, nombre) VALUES (15,'Animales');
INSERT INTO categorias (id, nombre) VALUES (16,'Recreación');
INSERT INTO categorias (id, nombre) VALUES (17,'Excursiones');
INSERT INTO categorias (id, nombre) VALUES (18,'Seguridad');
INSERT INTO categorias (id, nombre) VALUES (19,'Redes');
INSERT INTO categorias (id, nombre) VALUES (20,'Tiendas');
INSERT INTO categorias (id, nombre) VALUES (21,'Comercio');
INSERT INTO categorias (id, nombre) VALUES (22,'Religión');
INSERT INTO categorias (id, nombre) VALUES (23,'Ingeniería');
INSERT INTO categorias (id, nombre) VALUES (24,'Psicología');
INSERT INTO categorias (id, nombre) VALUES (25,'Sociedad');
INSERT INTO categorias (id, nombre) VALUES (26,'Bolsa de valores');
INSERT INTO categorias (id, nombre) VALUES (27,'Biología');
INSERT INTO categorias (id, nombre) VALUES (28,'Física');
INSERT INTO categorias (id, nombre) VALUES (29,'Cultura');
INSERT INTO categorias (id, nombre) VALUES (30,'Química');


DROP TABLE IF EXISTS `notas`;  
CREATE TABLE `notas_db`.`notas` (
  `id` INT NOT NULL AUTO_INCREMENT,
  `titulo` VARCHAR(100) NOT NULL DEFAULT 'Sin título',
  `creacion` DATETIME NOT NULL DEFAULT CURRENT_TIMESTAMP,
  `modificacion` DATETIME NOT NULL DEFAULT CURRENT_TIMESTAMP,
  `descripcion` VARCHAR(1000) NULL,
  `usuario` INT NOT NULL,
  PRIMARY KEY (`id`),
  KEY `usuario_id_foreign` (`usuario`),
  CONSTRAINT `usuario_id_foreign` FOREIGN KEY (`usuario`) REFERENCES `usuarios` (`id`));
  
INSERT INTO notas (id, titulo, creacion, modificacion, descripcion, usuario) VALUES (1, 'Suspendisse potenti.', '2021-01-11', '2021-07-03', 'Maecenas leo odio, condimentum id, luctus nec, molestie sed, justo. Pellentesque viverra pede ac diam. Cras pellentesque volutpat dui. Maecenas tristique, est et tempus semper, est quam pharetra magna, ac consequat metus sapien ut nunc. Vestibulum ante ipsum primis in faucibus orci luctus et ultrices posuere cubilia Curae; Mauris viverra diam vitae quam. Suspendisse potenti. Nullam porttitor lacus at turpis. Donec posuere metus vitae ipsum. Aliquam non mauris. Morbi non lectus. Aliquam sit amet diam in magna bibendum imperdiet. Nullam orci pede, venenatis non, sodales sed, tincidunt eu, felis.', 45);
INSERT INTO notas (id, titulo, creacion, modificacion, descripcion, usuario) VALUES (2, 'Vivamus vel nulla eget eros elementum pellentesque.', '2021-08-11', '2021-02-27', 'Vivamus vel nulla eget eros elementum pellentesque. Quisque porta volutpat erat.', 27);
INSERT INTO notas (id, titulo, creacion, modificacion, descripcion, usuario) VALUES (3, 'Nullam sit amet turpis elementum ligula vehicula consequat.', '2021-08-18', '2020-10-20', 'Praesent id massa id nisl venenatis lacinia. Aenean sit amet justo. Morbi ut odio. Cras mi pede, malesuada in, imperdiet et, commodo vulputate, justo. In blandit ultrices enim. Lorem ipsum dolor sit amet, consectetuer adipiscing elit. Proin interdum mauris non ligula pellentesque ultrices. Phasellus id sapien in sapien iaculis congue.', 31);
INSERT INTO notas (id, titulo, creacion, modificacion, descripcion, usuario) VALUES (4, 'Phasellus id sapien in sapien iaculis congue.', '2021-08-23', '2020-11-14', 'Cras pellentesque volutpat dui. Maecenas tristique, est et tempus semper, est quam pharetra magna, ac consequat metus sapien ut nunc. Vestibulum ante ipsum primis in faucibus orci luctus et ultrices posuere cubilia Curae; Mauris viverra diam vitae quam. Suspendisse potenti. Nullam porttitor lacus at turpis.', 76);
INSERT INTO notas (id, titulo, creacion, modificacion, descripcion, usuario) VALUES (5, 'Vivamus vel nulla eget eros elementum pellentesque.', '2020-12-11', '2020-12-25', 'Integer tincidunt ante vel ipsum. Praesent blandit lacinia erat. Vestibulum sed magna at nunc commodo placerat. Praesent blandit. Nam nulla. Integer pede justo, lacinia eget, tincidunt eget, tempus vel, pede. Morbi porttitor lorem id ligula. Suspendisse ornare consequat lectus. In est risus, auctor sed, tristique in, tempus sit amet, sem.', 38);
INSERT INTO notas (id, titulo, creacion, modificacion, descripcion, usuario) VALUES (6, 'Nam congue, risus semper porta volutpat, quam pede lobortis ligula', '2021-02-23', '2020-10-11', 'Cras in purus eu magna vulputate luctus. Cum sociis natoque penatibus et magnis dis parturient montes, nascetur ridiculus mus. Vivamus vestibulum sagittis sapien. Cum sociis natoque penatibus et magnis dis parturient montes, nascetur ridiculus mus. Etiam vel augue. Vestibulum rutrum rutrum neque.', 51);
INSERT INTO notas (id, titulo, creacion, modificacion, descripcion, usuario) VALUES (7, 'Donec ut mauris eget massa tempor convallis.', '2021-04-22', '2021-09-28', 'Vivamus tortor. Duis mattis egestas metus. Aenean fermentum. Donec ut mauris eget massa tempor convallis. Nulla neque libero, convallis eget, eleifend luctus, ultricies eu, nibh. Quisque id justo sit amet sapien dignissim vestibulum. Vestibulum ante ipsum primis in faucibus orci luctus et ultrices posuere cubilia Curae; Nulla dapibus dolor vel est. Donec odio justo, sollicitudin ut, suscipit a, feugiat et, eros. Vestibulum ac est lacinia nisi venenatis tristique. Fusce congue, diam id ornare imperdiet, sapien urna pretium nisl, ut volutpat sapien arcu sed augue. Aliquam erat volutpat. In congue. Etiam justo. Etiam pretium iaculis justo. In hac habitasse platea dictumst. Etiam faucibus cursus urna.', 97);
INSERT INTO notas (id, titulo, creacion, modificacion, descripcion, usuario) VALUES (8, 'Fusce lacus purus, aliquet at, feugiat non, pretium quis, lectus.', '2021-06-20', '2021-04-16', 'Nullam molestie nibh in lectus. Pellentesque at nulla. Suspendisse potenti. Cras in purus eu magna vulputate luctus. Cum sociis natoque penatibus et magnis dis parturient montes, nascetur ridiculus mus.', 68);
INSERT INTO notas (id, titulo, creacion, modificacion, descripcion, usuario) VALUES (9, 'Nunc nisl.', '2021-08-22', '2021-09-06', 'Vestibulum ante ipsum primis in faucibus orci luctus et ultrices posuere cubilia Curae; Duis faucibus accumsan odio. Curabitur convallis. Duis consequat dui nec nisi volutpat eleifend. Donec ut dolor. Morbi vel lectus in quam fringilla rhoncus. Mauris enim leo, rhoncus sed, vestibulum sit amet, cursus id, turpis. Integer aliquet, massa id lobortis convallis, tortor risus dapibus augue, vel accumsan tellus nisi eu orci. Mauris lacinia sapien quis libero. Nullam sit amet turpis elementum ligula vehicula consequat. Morbi a ipsum. Integer a nibh. In quis justo. Maecenas rhoncus aliquam lacus.', 60);
INSERT INTO notas (id, titulo, creacion, modificacion, descripcion, usuario) VALUES (10, 'Nulla facilisi.', '2021-07-06', '2021-03-26', 'Nunc purus. Phasellus in felis. Donec semper sapien a libero. Nam dui. Proin leo odio, porttitor id, consequat in, consequat ut, nulla. Sed accumsan felis. Ut at dolor quis odio consequat varius.', 66);
INSERT INTO notas (id, titulo, creacion, modificacion, descripcion, usuario) VALUES (11, 'Fusce posuere felis sed lacus.', '2021-01-31', '2021-03-31', 'Phasellus id sapien in sapien iaculis congue. Vivamus metus arcu, adipiscing molestie, hendrerit at, vulputate vitae, nisl. Aenean lectus. Pellentesque eget nunc. Donec quis orci eget orci vehicula condimentum. Curabitur in libero ut massa volutpat convallis. Morbi odio odio, elementum eu, interdum eu, tincidunt in, leo. Maecenas pulvinar lobortis est. Phasellus sit amet erat.', 19);
INSERT INTO notas (id, titulo, creacion, modificacion, descripcion, usuario) VALUES (12, 'Nunc purus.', '2020-12-06', '2021-01-20', 'Integer tincidunt ante vel ipsum. Praesent blandit lacinia erat. Vestibulum sed magna at nunc commodo placerat.', 68);
INSERT INTO notas (id, titulo, creacion, modificacion, descripcion, usuario) VALUES (13, 'Morbi non lectus.', '2021-01-14', '2021-02-02', 'Morbi porttitor lorem id ligula. Suspendisse ornare consequat lectus. In est risus, auctor sed, tristique in, tempus sit amet, sem. Fusce consequat. Nulla nisl. Nunc nisl. Duis bibendum, felis sed interdum venenatis, turpis enim blandit mi, in porttitor pede justo eu massa. Donec dapibus. Duis at velit eu est congue elementum. In hac habitasse platea dictumst. Morbi vestibulum, velit id pretium iaculis, diam erat fermentum justo, nec condimentum neque sapien placerat ante. Nulla justo. Aliquam quis turpis eget elit sodales scelerisque. Mauris sit amet eros. Suspendisse accumsan tortor quis turpis. Sed ante.', 51);
INSERT INTO notas (id, titulo, creacion, modificacion, descripcion, usuario) VALUES (14, 'Cum sociis natoque penatibus et magnis dis parturient montes, nascetur ridiculus mus.', '2021-05-31', '2021-05-14', 'Duis consequat dui nec nisi volutpat eleifend. Donec ut dolor. Morbi vel lectus in quam fringilla rhoncus. Mauris enim leo, rhoncus sed, vestibulum sit amet, cursus id, turpis.', 5);
INSERT INTO notas (id, titulo, creacion, modificacion, descripcion, usuario) VALUES (15, 'Quisque erat eros, viverra eget, congue eget, semper rutrum, nulla.', '2021-09-19', '2021-01-10', 'In sagittis dui vel nisl. Duis ac nibh. Fusce lacus purus, aliquet at, feugiat non, pretium quis, lectus. Suspendisse potenti. In eleifend quam a odio. In hac habitasse platea dictumst. Maecenas ut massa quis augue luctus tincidunt. Nulla mollis molestie lorem. Quisque ut erat. Curabitur gravida nisi at nibh. In hac habitasse platea dictumst. Aliquam augue quam, sollicitudin vitae, consectetuer eget, rutrum at, lorem. Integer tincidunt ante vel ipsum. Praesent blandit lacinia erat. Vestibulum sed magna at nunc commodo placerat. Praesent blandit.', 58);
INSERT INTO notas (id, titulo, creacion, modificacion, descripcion, usuario) VALUES (16, 'In hac habitasse platea dictumst.', '2021-06-24', '2021-06-06', 'Vestibulum ante ipsum primis in faucibus orci luctus et ultrices posuere cubilia Curae; Duis faucibus accumsan odio. Curabitur convallis. Duis consequat dui nec nisi volutpat eleifend. Donec ut dolor. Morbi vel lectus in quam fringilla rhoncus. Mauris enim leo, rhoncus sed, vestibulum sit amet, cursus id, turpis. Integer aliquet, massa id lobortis convallis, tortor risus dapibus augue, vel accumsan tellus nisi eu orci. Mauris lacinia sapien quis libero. Nullam sit amet turpis elementum ligula vehicula consequat. Morbi a ipsum. Integer a nibh. In quis justo. Maecenas rhoncus aliquam lacus. Morbi quis tortor id nulla ultrices aliquet. Maecenas leo odio, condimentum id, luctus nec, molestie sed, justo. Pellentesque viverra pede ac diam. Cras pellentesque volutpat dui. Maecenas tristique, est et tempus semper, est quam pharetra magna, ac consequat metus sapien ut nunc.', 83);
INSERT INTO notas (id, titulo, creacion, modificacion, descripcion, usuario) VALUES (17, 'Vestibulum Duis faucibus accumsan odio.', '2021-01-05', '2021-04-13', 'Praesent blandit. Nam nulla. Integer pede justo, lacinia eget, tincidunt eget, tempus vel, pede. Morbi porttitor lorem id ligula. Suspendisse ornare consequat lectus. In est risus, auctor sed, tristique in, tempus sit amet, sem. Fusce consequat. Nulla nisl. Nunc nisl. Duis bibendum, felis sed interdum venenatis, turpis enim blandit mi, in porttitor pede justo eu massa. Donec dapibus. Duis at velit eu est congue elementum. In hac habitasse platea dictumst. Morbi vestibulum, velit id pretium iaculis, diam erat fermentum justo, nec condimentum neque sapien placerat ante. Nulla justo. Aliquam quis turpis eget elit sodales scelerisque.', 20);
INSERT INTO notas (id, titulo, creacion, modificacion, descripcion, usuario) VALUES (18, 'Suspendisse accumsan tortor quis turpis.', '2020-10-16', '2020-10-15', 'Vestibulum quam sapien, varius ut, blandit non, interdum in, ante.', 44);
INSERT INTO notas (id, titulo, creacion, modificacion, descripcion, usuario) VALUES (19, 'In tempor mattis nibh ligula nec sem.', '2020-12-01', '2020-10-22', 'Praesent id massa id nisl venenatis lacinia. Aenean sit amet justo. Morbi ut odio. Cras mi pede, malesuada in, imperdiet et, commodo vulputate, justo. In blandit ultrices enim. Lorem ipsum dolor sit amet, consectetuer adipiscing elit. Proin interdum mauris non ligula pellentesque ultrices. Phasellus id sapien in sapien iaculis congue. Vivamus metus arcu, adipiscing molestie, hendrerit at, vulputate vitae, nisl.', 80);
INSERT INTO notas (id, titulo, creacion, modificacion, descripcion, usuario) VALUES (20, 'Etiam faucibus cursus urna.', '2021-01-13', '2021-09-09', 'Sed ante. Vivamus tortor. Duis mattis egestas metus. Aenean fermentum. Donec ut mauris eget massa tempor convallis. Nulla neque libero, convallis eget, eleifend luctus, ultricies eu, nibh. Quisque id justo sit amet sapien dignissim vestibulum. Vestibulum ante ipsum primis in faucibus orci luctus et ultrices posuere cubilia Curae; Nulla dapibus dolor vel est. Donec odio justo, sollicitudin ut, suscipit a, feugiat et, eros. Vestibulum ac est lacinia nisi venenatis tristique. Fusce congue, diam id ornare imperdiet, sapien urna pretium nisl, ut volutpat sapien arcu sed augue.', 3);
INSERT INTO notas (id, titulo, creacion, modificacion, descripcion, usuario) VALUES (21, 'Donec dapibus.', '2021-01-20', '2020-10-29', 'Nulla nisl. Nunc nisl.', 77);
INSERT INTO notas (id, titulo, creacion, modificacion, descripcion, usuario) VALUES (22, 'Donec odio justo, sollicitudin ut, suscipit a, feugiat et, eros.', '2021-07-24', '2021-07-15', 'Cras in purus eu magna vulputate luctus. Cum sociis natoque penatibus et magnis dis parturient montes, nascetur ridiculus mus. Vivamus vestibulum sagittis sapien. Cum sociis natoque penatibus et magnis dis parturient montes, nascetur ridiculus mus. Etiam vel augue. Vestibulum rutrum rutrum neque. Aenean auctor gravida sem. Praesent id massa id nisl venenatis lacinia. Aenean sit amet justo. Morbi ut odio. Cras mi pede, malesuada in, imperdiet et, commodo vulputate, justo. In blandit ultrices enim. Lorem ipsum dolor sit amet, consectetuer adipiscing elit. Proin interdum mauris non ligula pellentesque ultrices. Phasellus id sapien in sapien iaculis congue. Vivamus metus arcu, adipiscing molestie, hendrerit at, vulputate vitae, nisl. Aenean lectus. Pellentesque eget nunc. Donec quis orci eget orci vehicula condimentum. Curabitur in libero ut massa volutpat convallis.', 63);
INSERT INTO notas (id, titulo, creacion, modificacion, descripcion, usuario) VALUES (23, 'Praesent id massa id nisl venenatis lacinia.', '2021-02-26', '2020-10-12', 'Pellentesque at nulla. Suspendisse potenti. Cras in purus eu magna vulputate luctus. Cum sociis natoque penatibus et magnis dis parturient montes, nascetur ridiculus mus. Vivamus vestibulum sagittis sapien. Cum sociis natoque penatibus et magnis dis parturient montes, nascetur ridiculus mus. Etiam vel augue. Vestibulum rutrum rutrum neque. Aenean auctor gravida sem. Praesent id massa id nisl venenatis lacinia. Aenean sit amet justo. Morbi ut odio. Cras mi pede, malesuada in, imperdiet et, commodo vulputate, justo. In blandit ultrices enim. Lorem ipsum dolor sit amet, consectetuer adipiscing elit. Proin interdum mauris non ligula pellentesque ultrices. Phasellus id sapien in sapien iaculis congue.', 62);
INSERT INTO notas (id, titulo, creacion, modificacion, descripcion, usuario) VALUES (24, 'Aliquam erat volutpat.', '2021-08-06', '2020-11-24', 'Integer non velit. Donec diam neque, vestibulum eget, vulputate ut, ultrices vel, augue. Vestibulum ante ipsum primis in faucibus orci luctus et ultrices posuere cubilia Curae; Donec pharetra, magna vestibulum aliquet ultrices, erat tortor sollicitudin mi, sit amet lobortis sapien sapien non mi. Integer ac neque. Duis bibendum. Morbi non quam nec dui luctus rutrum. Nulla tellus. In sagittis dui vel nisl. Duis ac nibh. Fusce lacus purus, aliquet at, feugiat non, pretium quis, lectus. Suspendisse potenti. In eleifend quam a odio. In hac habitasse platea dictumst. Maecenas ut massa quis augue luctus tincidunt. Nulla mollis molestie lorem. Quisque ut erat. Curabitur gravida nisi at nibh. In hac habitasse platea dictumst.', 80);
INSERT INTO notas (id, titulo, creacion, modificacion, descripcion, usuario) VALUES (25, 'Nulla suscipit ligula in lacus.', '2021-03-13', '2020-10-28', 'Vivamus vestibulum sagittis sapien. Cum sociis natoque penatibus et magnis dis parturient montes, nascetur ridiculus mus. Etiam vel augue.', 57);
INSERT INTO notas (id, titulo, creacion, modificacion, descripcion, usuario) VALUES (26, 'Integer a nibh.', '2020-12-26', '2020-10-31', 'In sagittis dui vel nisl. Duis ac nibh. Fusce lacus purus, aliquet at, feugiat non, pretium quis, lectus. Suspendisse potenti. In eleifend quam a odio. In hac habitasse platea dictumst. Maecenas ut massa quis augue luctus tincidunt. Nulla mollis molestie lorem. Quisque ut erat. Curabitur gravida nisi at nibh. In hac habitasse platea dictumst. Aliquam augue quam, sollicitudin vitae, consectetuer eget, rutrum at, lorem. Integer tincidunt ante vel ipsum. Praesent blandit lacinia erat. Vestibulum sed magna at nunc commodo placerat. Praesent blandit. Nam nulla. Integer pede justo, lacinia eget, tincidunt eget, tempus vel, pede. Morbi porttitor lorem id ligula. Suspendisse ornare consequat lectus.', 22);
INSERT INTO notas (id, titulo, creacion, modificacion, descripcion, usuario) VALUES (27, 'Duis mattis egestas metus.', '2020-12-02', '2021-10-05', 'Mauris ullamcorper purus sit amet nulla. Quisque arcu libero, rutrum ac, lobortis vel, dapibus at, diam.', 25);
INSERT INTO notas (id, titulo, creacion, modificacion, descripcion, usuario) VALUES (28, 'Nullam orci pede, venenatis non, sodales sed, tincidunt eu, felis.', '2020-11-09', '2021-05-02', 'Vivamus tortor. Duis mattis egestas metus. Aenean fermentum. Donec ut mauris eget massa tempor convallis. Nulla neque libero, convallis eget, eleifend luctus, ultricies eu, nibh. Quisque id justo sit amet sapien dignissim vestibulum. Vestibulum ante ipsum primis in faucibus orci luctus et ultrices posuere cubilia Curae; Nulla dapibus dolor vel est. Donec odio justo, sollicitudin ut, suscipit a, feugiat et, eros. Vestibulum ac est lacinia nisi venenatis tristique. Fusce congue, diam id ornare imperdiet, sapien urna pretium nisl, ut volutpat sapien arcu sed augue. Aliquam erat volutpat. In congue. Etiam justo. Etiam pretium iaculis justo. In hac habitasse platea dictumst. Etiam faucibus cursus urna.', 27);
INSERT INTO notas (id, titulo, creacion, modificacion, descripcion, usuario) VALUES (29, 'Integer a nibh.', '2021-07-26', '2021-07-30', 'Donec diam neque, vestibulum eget, vulputate ut, ultrices vel, augue. Vestibulum ante ipsum primis in faucibus orci luctus et ultrices posuere cubilia Curae; Donec pharetra, magna vestibulum aliquet ultrices, erat tortor sollicitudin mi, sit amet lobortis sapien sapien non mi. Integer ac neque. Duis bibendum. Morbi non quam nec dui luctus rutrum. Nulla tellus. In sagittis dui vel nisl. Duis ac nibh. Fusce lacus purus, aliquet at, feugiat non, pretium quis, lectus. Suspendisse potenti. In eleifend quam a odio. In hac habitasse platea dictumst. Maecenas ut massa quis augue luctus tincidunt.', 88);
INSERT INTO notas (id, titulo, creacion, modificacion, descripcion, usuario) VALUES (30, 'In hac habitasse platea dictumst.', '2021-02-05', '2021-07-15', 'Fusce consequat. Nulla nisl. Nunc nisl. Duis bibendum, felis sed interdum venenatis, turpis enim blandit mi, in porttitor pede justo eu massa. Donec dapibus. Duis at velit eu est congue elementum. In hac habitasse platea dictumst. Morbi vestibulum, velit id pretium iaculis, diam erat fermentum justo, nec condimentum neque sapien placerat ante. Nulla justo.', 85);
INSERT INTO notas (id, titulo, creacion, modificacion, descripcion, usuario) VALUES (31, 'Nullam orci pede, venenatis non, sodales sed, tincidunt eu, felis.', '2021-01-20', '2021-06-08', 'Phasellus sit amet erat. Nulla tempus. Vivamus in felis eu sapien cursus vestibulum. Proin eu mi. Nulla ac enim. In tempor, turpis nec euismod scelerisque, quam turpis adipiscing lorem, vitae mattis nibh ligula nec sem. Duis aliquam convallis nunc. Proin at turpis a pede posuere nonummy. Integer non velit. Donec diam neque, vestibulum eget, vulputate ut, ultrices vel, augue. Vestibulum ante ipsum primis in faucibus orci luctus et ultrices posuere cubilia Curae; Donec pharetra, magna vestibulum aliquet ultrices, erat tortor sollicitudin mi, sit amet lobortis sapien sapien non mi. Integer ac neque.', 78);
INSERT INTO notas (id, titulo, creacion, modificacion, descripcion, usuario) VALUES (32, 'Integer ac leo.', '2021-02-13', '2020-11-21', 'Pellentesque at nulla. Suspendisse potenti. Cras in purus eu magna vulputate luctus. Cum sociis natoque penatibus et magnis dis parturient montes, nascetur ridiculus mus. Vivamus vestibulum sagittis sapien. Cum sociis natoque penatibus et magnis dis parturient montes, nascetur ridiculus mus. Etiam vel augue. Vestibulum rutrum rutrum neque. Aenean auctor gravida sem. Praesent id massa id nisl venenatis lacinia.', 50);
INSERT INTO notas (id, titulo, creacion, modificacion, descripcion, usuario) VALUES (33, 'Duis mattis egestas metus.', '2020-12-15', '2020-10-18', 'Vivamus vestibulum sagittis sapien. Cum sociis natoque penatibus et magnis dis parturient montes, nascetur ridiculus mus.', 99);
INSERT INTO notas (id, titulo, creacion, modificacion, descripcion, usuario) VALUES (34, 'Fusce consequat.', '2020-12-02', '2021-04-05', 'Duis ac nibh.', 67);
INSERT INTO notas (id, titulo, creacion, modificacion, descripcion, usuario) VALUES (35, 'Morbi a ipsum.', '2021-07-06', '2021-05-16', 'Morbi a ipsum. Integer a nibh. In quis justo. Maecenas rhoncus aliquam lacus. Morbi quis tortor id nulla ultrices aliquet. Maecenas leo odio, condimentum id, luctus nec, molestie sed, justo. Pellentesque viverra pede ac diam. Cras pellentesque volutpat dui. Maecenas tristique, est et tempus semper, est quam pharetra magna, ac consequat metus sapien ut nunc. Vestibulum ante ipsum primis in faucibus orci luctus et ultrices posuere cubilia Curae; Mauris viverra diam vitae quam. Suspendisse potenti. Nullam porttitor lacus at turpis. Donec posuere metus vitae ipsum.', 42);
INSERT INTO notas (id, titulo, creacion, modificacion, descripcion, usuario) VALUES (36, 'Donec ut dolor.', '2021-04-07', '2020-10-20', 'Maecenas tristique, est et tempus semper, est quam pharetra magna, ac consequat metus sapien ut nunc. Vestibulum ante ipsum primis in faucibus orci luctus et ultrices posuere cubilia Curae; Mauris viverra diam vitae quam. Suspendisse potenti. Nullam porttitor lacus at turpis. Donec posuere metus vitae ipsum. Aliquam non mauris. Morbi non lectus. Aliquam sit amet diam in magna bibendum imperdiet. Nullam orci pede, venenatis non, sodales sed, tincidunt eu, felis. Fusce posuere felis sed lacus. Morbi sem mauris, laoreet ut, rhoncus aliquet, pulvinar sed, nisl. Nunc rhoncus dui vel sem.', 26);
INSERT INTO notas (id, titulo, creacion, modificacion, descripcion, usuario) VALUES (37, 'In sagittis dui vel nisl.', '2021-04-01', '2021-08-07', 'Fusce consequat. Nulla nisl. Nunc nisl. Duis bibendum, felis sed interdum venenatis, turpis enim blandit mi, in porttitor pede justo eu massa. Donec dapibus. Duis at velit eu est congue elementum.', 51);
INSERT INTO notas (id, titulo, creacion, modificacion, descripcion, usuario) VALUES (38, 'Quisque porta volutpat erat.', '2021-06-01', '2021-07-23', 'Nulla ut erat id mauris vulputate elementum. Nullam varius. Nulla facilisi. Cras non velit nec nisi vulputate nonummy. Maecenas tincidunt lacus at velit. Vivamus vel nulla eget eros elementum pellentesque. Quisque porta volutpat erat.', 79);
INSERT INTO notas (id, titulo, creacion, modificacion, descripcion, usuario) VALUES (39, 'Duis bibendum in porttitor pede justo eu massa.', '2021-07-21', '2021-08-07', 'Vivamus in felis eu sapien cursus vestibulum. Proin eu mi. Nulla ac enim. In tempor, turpis nec euismod scelerisque, quam turpis adipiscing lorem, vitae mattis nibh ligula nec sem. Duis aliquam convallis nunc. Proin at turpis a pede posuere nonummy. Integer non velit.', 19);
INSERT INTO notas (id, titulo, creacion, modificacion, descripcion, usuario) VALUES (40, 'Aenean fermentum.', '2021-02-09', '2021-07-18', 'Sed sagittis. Nam congue, risus semper porta volutpat, quam pede lobortis ligula, sit amet eleifend pede libero quis orci. Nullam molestie nibh in lectus. Pellentesque at nulla. Suspendisse potenti. Cras in purus eu magna vulputate luctus.', 44);
INSERT INTO notas (id, titulo, creacion, modificacion, descripcion, usuario) VALUES (41, 'Mauris sit amet eros.', '2021-08-11', '2021-01-21', 'Duis aliquam convallis nunc. Proin at turpis a pede posuere nonummy. Integer non velit. Donec diam neque, vestibulum eget, vulputate ut, ultrices vel, augue. Vestibulum ante ipsum primis in faucibus orci luctus et ultrices posuere cubilia Curae; Donec pharetra, magna vestibulum aliquet ultrices, erat tortor sollicitudin mi, sit amet lobortis sapien sapien non mi. Integer ac neque. Duis bibendum. Morbi non quam nec dui luctus rutrum. Nulla tellus. In sagittis dui vel nisl. Duis ac nibh. Fusce lacus purus, aliquet at, feugiat non, pretium quis, lectus. Suspendisse potenti. In eleifend quam a odio. In hac habitasse platea dictumst. Maecenas ut massa quis augue luctus tincidunt. Nulla mollis molestie lorem.', 60);
INSERT INTO notas (id, titulo, creacion, modificacion, descripcion, usuario) VALUES (42, 'Proin eu mi.', '2021-03-09', '2021-01-28', 'Morbi ut odio. Cras mi pede, malesuada in, imperdiet et, commodo vulputate, justo. In blandit ultrices enim. Lorem ipsum dolor sit amet, consectetuer adipiscing elit. Proin interdum mauris non ligula pellentesque ultrices. Phasellus id sapien in sapien iaculis congue. Vivamus metus arcu, adipiscing molestie, hendrerit at, vulputate vitae, nisl. Aenean lectus. Pellentesque eget nunc. Donec quis orci eget orci vehicula condimentum. Curabitur in libero ut massa volutpat convallis. Morbi odio odio, elementum eu, interdum eu, tincidunt in, leo.', 40);
INSERT INTO notas (id, titulo, creacion, modificacion, descripcion, usuario) VALUES (43, 'Integer ac leo.', '2021-05-15', '2021-09-16', 'Etiam vel augue. Vestibulum rutrum rutrum neque. Aenean auctor gravida sem. Praesent id massa id nisl venenatis lacinia. Aenean sit amet justo. Morbi ut odio. Cras mi pede, malesuada in, imperdiet et, commodo vulputate, justo. In blandit ultrices enim. Lorem ipsum dolor sit amet, consectetuer adipiscing elit. Proin interdum mauris non ligula pellentesque ultrices. Phasellus id sapien in sapien iaculis congue. Vivamus metus arcu, adipiscing molestie, hendrerit at, vulputate vitae, nisl. Aenean lectus.', 50);
INSERT INTO notas (id, titulo, creacion, modificacion, descripcion, usuario) VALUES (44, 'Nullam molestie nibh in lectus.', '2021-06-26', '2020-10-16', 'Fusce congue, diam id ornare imperdiet, sapien urna pretium nisl, ut volutpat sapien arcu sed augue. Aliquam erat volutpat. In congue. Etiam justo.', 96);
INSERT INTO notas (id, titulo, creacion, modificacion, descripcion, usuario) VALUES (45, 'Proin leo odio, porttitor id, consequat in, consequat ut, nulla.', '2021-02-05', '2021-07-01', 'Aliquam non mauris.', 95);
INSERT INTO notas (id, titulo, creacion, modificacion, descripcion, usuario) VALUES (46, 'Donec diam neque, vestibulum eget, vulputate ut, ultrices vel, augue.', '2021-01-19', '2021-07-28', 'In hac habitasse platea dictumst. Morbi vestibulum, velit id pretium iaculis, diam erat fermentum justo, nec condimentum neque sapien placerat ante. Nulla justo. Aliquam quis turpis eget elit sodales scelerisque. Mauris sit amet eros. Suspendisse accumsan tortor quis turpis. Sed ante. Vivamus tortor. Duis mattis egestas metus. Aenean fermentum. Donec ut mauris eget massa tempor convallis. Nulla neque libero, convallis eget, eleifend luctus, ultricies eu, nibh. Quisque id justo sit amet sapien dignissim vestibulum. Vestibulum ante ipsum primis in faucibus orci luctus et ultrices posuere cubilia Curae; Nulla dapibus dolor vel est. Donec odio justo, sollicitudin ut, suscipit a, feugiat et, eros. Vestibulum ac est lacinia nisi venenatis tristique.', 46);
INSERT INTO notas (id, titulo, creacion, modificacion, descripcion, usuario) VALUES (47, 'Integer dapibus augue, vel accumsan tellus nisi eu orci.', '2021-08-20', '2020-11-26', 'Aenean fermentum.', 23);
INSERT INTO notas (id, titulo, creacion, modificacion, descripcion, usuario) VALUES (48, 'Suspendisse potenti.', '2020-10-29', '2020-11-25', 'Nulla ac enim. In tempor, turpis nec euismod scelerisque, quam turpis adipiscing lorem, vitae mattis nibh ligula nec sem. Duis aliquam convallis nunc. Proin at turpis a pede posuere nonummy. Integer non velit. Donec diam neque, vestibulum eget, vulputate ut, ultrices vel, augue. Vestibulum ante ipsum primis in faucibus orci luctus et ultrices posuere cubilia Curae; Donec pharetra, magna vestibulum aliquet ultrices, erat tortor sollicitudin mi, sit amet lobortis sapien sapien non mi. Integer ac neque. Duis bibendum. Morbi non quam nec dui luctus rutrum.', 62);
INSERT INTO notas (id, titulo, creacion, modificacion, descripcion, usuario) VALUES (49, 'Cras mi pede, malesuada in, imperdiet et, commodo vulputate, justo.', '2020-11-28', '2020-10-25', 'Sed sagittis. Nam congue, risus semper porta volutpat, quam pede lobortis ligula, sit amet eleifend pede libero quis orci.', 87);
INSERT INTO notas (id, titulo, creacion, modificacion, descripcion, usuario) VALUES (50, 'In eleifend quam a odio.', '2021-07-15', '2021-07-27', 'Nunc rhoncus dui vel sem. Sed sagittis. Nam congue, risus semper porta volutpat, quam pede lobortis ligula, sit amet eleifend pede libero quis orci. Nullam molestie nibh in lectus. Pellentesque at nulla. Suspendisse potenti. Cras in purus eu magna vulputate luctus. Cum sociis natoque penatibus et magnis dis parturient montes, nascetur ridiculus mus. Vivamus vestibulum sagittis sapien. Cum sociis natoque penatibus et magnis dis parturient montes, nascetur ridiculus mus. Etiam vel augue. Vestibulum rutrum rutrum neque.', 9);
INSERT INTO notas (id, titulo, creacion, modificacion, descripcion, usuario) VALUES (51, 'Nunc rhoncus dui vel sem.', '2021-01-09', '2021-09-02', 'Proin leo odio, porttitor id, consequat in, consequat ut, nulla. Sed accumsan felis.', 34);
INSERT INTO notas (id, titulo, creacion, modificacion, descripcion, usuario) VALUES (52, 'Nulla ac enim.', '2021-05-08', '2021-03-09', 'Cras pellentesque volutpat dui. Maecenas tristique, est et tempus semper, est quam pharetra magna, ac consequat metus sapien ut nunc. Vestibulum ante ipsum primis in faucibus orci luctus et ultrices posuere cubilia Curae; Mauris viverra diam vitae quam. Suspendisse potenti. Nullam porttitor lacus at turpis. Donec posuere metus vitae ipsum. Aliquam non mauris. Morbi non lectus. Aliquam sit amet diam in magna bibendum imperdiet. Nullam orci pede, venenatis non, sodales sed, tincidunt eu, felis. Fusce posuere felis sed lacus. Morbi sem mauris, laoreet ut, rhoncus aliquet, pulvinar sed, nisl. Nunc rhoncus dui vel sem. Sed sagittis. Nam congue, risus semper porta volutpat, quam pede lobortis ligula, sit amet eleifend pede libero quis orci. Nullam molestie nibh in lectus. Pellentesque at nulla. Suspendisse potenti. Cras in purus eu magna vulputate luctus.', 47);
INSERT INTO notas (id, titulo, creacion, modificacion, descripcion, usuario) VALUES (53, 'Vestibulum sed magna at nunc commodo placerat.', '2020-11-26', '2021-04-12', 'Donec quis orci eget orci vehicula condimentum. Curabitur in libero ut massa volutpat convallis. Morbi odio odio, elementum eu, interdum eu, tincidunt in, leo. Maecenas pulvinar lobortis est. Phasellus sit amet erat. Nulla tempus. Vivamus in felis eu sapien cursus vestibulum. Proin eu mi. Nulla ac enim. In tempor, turpis nec euismod scelerisque, quam turpis adipiscing lorem, vitae mattis nibh ligula nec sem. Duis aliquam convallis nunc. Proin at turpis a pede posuere nonummy. Integer non velit. Donec diam neque, vestibulum eget, vulputate ut, ultrices vel, augue.', 29);
INSERT INTO notas (id, titulo, creacion, modificacion, descripcion, usuario) VALUES (54, 'Quisque id justo sit amet sapien dignissim vestibulum.', '2021-07-16', '2021-06-04', 'In hac habitasse platea dictumst. Maecenas ut massa quis augue luctus tincidunt. Nulla mollis molestie lorem. Quisque ut erat. Curabitur gravida nisi at nibh. In hac habitasse platea dictumst. Aliquam augue quam, sollicitudin vitae, consectetuer eget, rutrum at, lorem.', 64);
INSERT INTO notas (id, titulo, creacion, modificacion, descripcion, usuario) VALUES (55, 'Suspendisse potenti.', '2021-06-25', '2020-10-24', 'Quisque arcu libero, rutrum ac, lobortis vel, dapibus at, diam.', 53);
INSERT INTO notas (id, titulo, creacion, modificacion, descripcion, usuario) VALUES (56, 'Praesent blandit lacinia erat.', '2021-07-08', '2021-01-04', 'Vestibulum ac est lacinia nisi venenatis tristique. Fusce congue, diam id ornare imperdiet, sapien urna pretium nisl, ut volutpat sapien arcu sed augue. Aliquam erat volutpat.', 40);
INSERT INTO notas (id, titulo, creacion, modificacion, descripcion, usuario) VALUES (57, 'Vestibulum ac est lacinia nisi venenatis tristique.', '2021-03-24', '2021-03-08', 'Nam nulla. Integer pede justo, lacinia eget, tincidunt eget, tempus vel, pede. Morbi porttitor lorem id ligula. Suspendisse ornare consequat lectus. In est risus, auctor sed, tristique in, tempus sit amet, sem. Fusce consequat. Nulla nisl. Nunc nisl. Duis bibendum, felis sed interdum venenatis, turpis enim blandit mi, in porttitor pede justo eu massa. Donec dapibus. Duis at velit eu est congue elementum. In hac habitasse platea dictumst. Morbi vestibulum, velit id pretium iaculis, diam erat fermentum justo, nec condimentum neque sapien placerat ante. Nulla justo. Aliquam quis turpis eget elit sodales scelerisque. Mauris sit amet eros. Suspendisse accumsan tortor quis turpis. Sed ante.', 29);
INSERT INTO notas (id, titulo, creacion, modificacion, descripcion, usuario) VALUES (58, 'Duis ac nibh.', '2021-03-02', '2021-09-11', 'Suspendisse potenti. In eleifend quam a odio. In hac habitasse platea dictumst. Maecenas ut massa quis augue luctus tincidunt. Nulla mollis molestie lorem. Quisque ut erat. Curabitur gravida nisi at nibh. In hac habitasse platea dictumst. Aliquam augue quam, sollicitudin vitae, consectetuer eget, rutrum at, lorem. Integer tincidunt ante vel ipsum. Praesent blandit lacinia erat. Vestibulum sed magna at nunc commodo placerat. Praesent blandit. Nam nulla. Integer pede justo, lacinia eget, tincidunt eget, tempus vel, pede. Morbi porttitor lorem id ligula. Suspendisse ornare consequat lectus. In est risus, auctor sed, tristique in, tempus sit amet, sem. Fusce consequat.', 11);
INSERT INTO notas (id, titulo, creacion, modificacion, descripcion, usuario) VALUES (59, 'Aenean lectus.', '2020-12-19', '2021-07-15', 'Donec semper sapien a libero. Nam dui. Proin leo odio, porttitor id, consequat in, consequat ut, nulla. Sed accumsan felis. Ut at dolor quis odio consequat varius. Integer ac leo. Pellentesque ultrices mattis odio. Donec vitae nisi. Nam ultrices, libero non mattis pulvinar, nulla pede ullamcorper augue, a suscipit nulla elit ac nulla.', 69);
INSERT INTO notas (id, titulo, creacion, modificacion, descripcion, usuario) VALUES (60, 'Proin eu mi.', '2021-03-08', '2020-12-22', 'Nulla nisl. Nunc nisl. Duis bibendum, felis sed interdum venenatis, turpis enim blandit mi, in porttitor pede justo eu massa. Donec dapibus. Duis at velit eu est congue elementum. In hac habitasse platea dictumst. Morbi vestibulum, velit id pretium iaculis, diam erat fermentum justo, nec condimentum neque sapien placerat ante. Nulla justo. Aliquam quis turpis eget elit sodales scelerisque. Mauris sit amet eros. Suspendisse accumsan tortor quis turpis. Sed ante. Vivamus tortor. Duis mattis egestas metus. Aenean fermentum. Donec ut mauris eget massa tempor convallis.', 34);
INSERT INTO notas (id, titulo, creacion, modificacion, descripcion, usuario) VALUES (61, 'Pellentesque eget nunc.', '2021-02-05', '2021-09-10', 'Vivamus vestibulum sagittis sapien. Cum sociis natoque penatibus et magnis dis parturient montes, nascetur ridiculus mus. Etiam vel augue. Vestibulum rutrum rutrum neque. Aenean auctor gravida sem.', 45);
INSERT INTO notas (id, titulo, creacion, modificacion, descripcion, usuario) VALUES (62, 'Nam tristique tortor eu pede.', '2021-03-29', '2021-05-11', 'Maecenas leo odio, condimentum id, luctus nec, molestie sed, justo. Pellentesque viverra pede ac diam. Cras pellentesque volutpat dui. Maecenas tristique, est et tempus semper, est quam pharetra magna, ac consequat metus sapien ut nunc. Vestibulum ante ipsum primis in faucibus orci luctus et ultrices posuere cubilia Curae; Mauris viverra diam vitae quam. Suspendisse potenti. Nullam porttitor lacus at turpis. Donec posuere metus vitae ipsum. Aliquam non mauris. Morbi non lectus. Aliquam sit amet diam in magna bibendum imperdiet. Nullam orci pede, venenatis non, sodales sed, tincidunt eu, felis.', 80);
INSERT INTO notas (id, titulo, creacion, modificacion, descripcion, usuario) VALUES (63, 'Aliquam sit amet diam in magna bibendum imperdiet.', '2021-06-16', '2021-01-17', 'Cras in purus eu magna vulputate luctus.', 78);
INSERT INTO notas (id, titulo, creacion, modificacion, descripcion, usuario) VALUES (64, 'Nulla ut erat id mauris vulputate elementum.', '2021-04-17', '2020-10-14', 'Duis bibendum, felis sed interdum venenatis, turpis enim blandit mi, in porttitor pede justo eu massa. Donec dapibus. Duis at velit eu est congue elementum. In hac habitasse platea dictumst. Morbi vestibulum, velit id pretium iaculis, diam erat fermentum justo, nec condimentum neque sapien placerat ante. Nulla justo. Aliquam quis turpis eget elit sodales scelerisque. Mauris sit amet eros.', 67);
INSERT INTO notas (id, titulo, creacion, modificacion, descripcion, usuario) VALUES (65, 'In est risus, auctor sed, tristique in, tempus sit amet, sem.', '2020-10-26', '2021-09-19', 'Integer ac neque. Duis bibendum. Morbi non quam nec dui luctus rutrum. Nulla tellus. In sagittis dui vel nisl. Duis ac nibh. Fusce lacus purus, aliquet at, feugiat non, pretium quis, lectus. Suspendisse potenti. In eleifend quam a odio. In hac habitasse platea dictumst. Maecenas ut massa quis augue luctus tincidunt.', 83);
INSERT INTO notas (id, titulo, creacion, modificacion, descripcion, usuario) VALUES (66, 'Praesent blandit lacinia erat.', '2021-01-01', '2021-04-19', 'Nam nulla. Integer pede justo, lacinia eget, tincidunt eget, tempus vel, pede. Morbi porttitor lorem id ligula. Suspendisse ornare consequat lectus. In est risus, auctor sed, tristique in, tempus sit amet, sem. Fusce consequat. Nulla nisl. Nunc nisl. Duis bibendum, felis sed interdum venenatis, turpis enim blandit mi, in porttitor pede justo eu massa. Donec dapibus. Duis at velit eu est congue elementum. In hac habitasse platea dictumst. Morbi vestibulum, velit id pretium iaculis, diam erat fermentum justo, nec condimentum neque sapien placerat ante. Nulla justo. Aliquam quis turpis eget elit sodales scelerisque.', 69);
INSERT INTO notas (id, titulo, creacion, modificacion, descripcion, usuario) VALUES (67, 'Praesent blandit lacinia erat.', '2021-04-05', '2021-08-29', 'Morbi vestibulum, velit id pretium iaculis, diam erat fermentum justo, nec condimentum neque sapien placerat ante. Nulla justo. Aliquam quis turpis eget elit sodales scelerisque. Mauris sit amet eros. Suspendisse accumsan tortor quis turpis. Sed ante. Vivamus tortor. Duis mattis egestas metus. Aenean fermentum.', 33);
INSERT INTO notas (id, titulo, creacion, modificacion, descripcion, usuario) VALUES (68, 'Praesent lectus.', '2021-06-07', '2020-11-18', 'Nunc rhoncus dui vel sem. Sed sagittis. Nam congue, risus semper porta volutpat, quam pede lobortis ligula, sit amet eleifend pede libero quis orci. Nullam molestie nibh in lectus. Pellentesque at nulla. Suspendisse potenti. Cras in purus eu magna vulputate luctus. Cum sociis natoque penatibus et magnis dis parturient montes, nascetur ridiculus mus. Vivamus vestibulum sagittis sapien. Cum sociis natoque penatibus et magnis dis parturient montes, nascetur ridiculus mus. Etiam vel augue. Vestibulum rutrum rutrum neque. Aenean auctor gravida sem. Praesent id massa id nisl venenatis lacinia. Aenean sit amet justo. Morbi ut odio. Cras mi pede, malesuada in, imperdiet et, commodo vulputate, justo. In blandit ultrices enim. Lorem ipsum dolor sit amet, consectetuer adipiscing elit.', 8);
INSERT INTO notas (id, titulo, creacion, modificacion, descripcion, usuario) VALUES (69, 'Vestibulum rutrum rutrum neque.', '2021-02-02', '2021-08-15', 'Fusce congue, diam id ornare imperdiet, sapien urna pretium nisl, ut volutpat sapien arcu sed augue. Aliquam erat volutpat. In congue.', 37);
INSERT INTO notas (id, titulo, creacion, modificacion, descripcion, usuario) VALUES (70, 'Aliquam erat volutpat.', '2021-01-14', '2021-04-14', 'Nulla facilisi. Cras non velit nec nisi vulputate nonummy. Maecenas tincidunt lacus at velit. Vivamus vel nulla eget eros elementum pellentesque. Quisque porta volutpat erat. Quisque erat eros, viverra eget, congue eget, semper rutrum, nulla. Nunc purus. Phasellus in felis. Donec semper sapien a libero. Nam dui. Proin leo odio, porttitor id, consequat in, consequat ut, nulla. Sed accumsan felis. Ut at dolor quis odio consequat varius. Integer ac leo. Pellentesque ultrices mattis odio. Donec vitae nisi. Nam ultrices, libero non mattis pulvinar, nulla pede ullamcorper augue, a suscipit nulla elit ac nulla. Sed vel enim sit amet nunc viverra dapibus. Nulla suscipit ligula in lacus. Curabitur at ipsum ac tellus semper interdum.', 57);
INSERT INTO notas (id, titulo, creacion, modificacion, descripcion, usuario) VALUES (71, 'Curabitur in libero ut massa volutpat convallis.', '2020-12-11', '2021-05-02', 'Donec semper sapien a libero. Nam dui. Proin leo odio, porttitor id, consequat in, consequat ut, nulla. Sed accumsan felis. Ut at dolor quis odio consequat varius. Integer ac leo. Pellentesque ultrices mattis odio.', 2);
INSERT INTO notas (id, titulo, creacion, modificacion, descripcion, usuario) VALUES (72, 'Nullam porttitor lacus at turpis.', '2021-06-05', '2021-03-16', 'Vestibulum quam sapien, varius ut, blandit non, interdum in, ante. Vestibulum ante ipsum primis in faucibus orci luctus et ultrices posuere cubilia Curae; Duis faucibus accumsan odio. Curabitur convallis. Duis consequat dui nec nisi volutpat eleifend. Donec ut dolor. Morbi vel lectus in quam fringilla rhoncus. Mauris enim leo, rhoncus sed, vestibulum sit amet, cursus id, turpis. Integer aliquet, massa id lobortis convallis, tortor risus dapibus augue, vel accumsan tellus nisi eu orci. Mauris lacinia sapien quis libero. Nullam sit amet turpis elementum ligula vehicula consequat. Morbi a ipsum. Integer a nibh. In quis justo.', 72);
INSERT INTO notas (id, titulo, creacion, modificacion, descripcion, usuario) VALUES (73, 'Vivamus vel nulla eget eros elementum pellentesque.', '2021-06-25', '2021-01-09', 'Proin interdum mauris non ligula pellentesque ultrices. Phasellus id sapien in sapien iaculis congue. Vivamus metus arcu, adipiscing molestie, hendrerit at, vulputate vitae, nisl. Aenean lectus. Pellentesque eget nunc. Donec quis orci eget orci vehicula condimentum. Curabitur in libero ut massa volutpat convallis.', 80);
INSERT INTO notas (id, titulo, creacion, modificacion, descripcion, usuario) VALUES (74, 'Etiam justo.', '2020-12-08', '2021-06-11', 'Vestibulum ante ipsum primis in faucibus orci luctus et ultrices posuere cubilia Curae; Duis faucibus accumsan odio. Curabitur convallis. Duis consequat dui nec nisi volutpat eleifend. Donec ut dolor. Morbi vel lectus in quam fringilla rhoncus. Mauris enim leo, rhoncus sed, vestibulum sit amet, cursus id, turpis. Integer aliquet, massa id lobortis convallis, tortor risus dapibus augue, vel accumsan tellus nisi eu orci. Mauris lacinia sapien quis libero.', 68);
INSERT INTO notas (id, titulo, creacion, modificacion, descripcion, usuario) VALUES (75, 'Nulla facilisi.', '2021-08-24', '2020-10-14', 'Sed ante. Vivamus tortor. Duis mattis egestas metus. Aenean fermentum. Donec ut mauris eget massa tempor convallis. Nulla neque libero, convallis eget, eleifend luctus, ultricies eu, nibh. Quisque id justo sit amet sapien dignissim vestibulum. Vestibulum ante ipsum primis in faucibus orci luctus et ultrices posuere cubilia Curae; Nulla dapibus dolor vel est. Donec odio justo, sollicitudin ut, suscipit a, feugiat et, eros. Vestibulum ac est lacinia nisi venenatis tristique. Fusce congue, diam id ornare imperdiet, sapien urna pretium nisl, ut volutpat sapien arcu sed augue. Aliquam erat volutpat. In congue. Etiam justo. Etiam pretium iaculis justo. In hac habitasse platea dictumst. Etiam faucibus cursus urna. Ut tellus. Nulla ut erat id mauris vulputate elementum. Nullam varius.', 22);
INSERT INTO notas (id, titulo, creacion, modificacion, descripcion, usuario) VALUES (76, 'Lorem ipsum dolor sit amet, consectetuer adipiscing elit.', '2021-09-30', '2021-03-03', 'Etiam pretium iaculis justo. In hac habitasse platea dictumst. Etiam faucibus cursus urna. Ut tellus. Nulla ut erat id mauris vulputate elementum. Nullam varius. Nulla facilisi.', 4);
INSERT INTO notas (id, titulo, creacion, modificacion, descripcion, usuario) VALUES (77, 'Nam tristique tortor eu pede.', '2021-09-07', '2021-08-29', 'Phasellus id sapien in sapien iaculis congue. Vivamus metus arcu, adipiscing molestie, hendrerit at, vulputate vitae, nisl. Aenean lectus. Pellentesque eget nunc. Donec quis orci eget orci vehicula condimentum. Curabitur in libero ut massa volutpat convallis. Morbi odio odio, elementum eu, interdum eu, tincidunt in, leo. Maecenas pulvinar lobortis est. Phasellus sit amet erat. Nulla tempus. Vivamus in felis eu sapien cursus vestibulum. Proin eu mi. Nulla ac enim.', 87);
INSERT INTO notas (id, titulo, creacion, modificacion, descripcion, usuario) VALUES (78, 'Donec semper sapien a libero.', '2021-08-13', '2021-05-12', 'Nunc rhoncus dui vel sem. Sed sagittis. Nam congue, risus semper porta volutpat, quam pede lobortis ligula, sit amet eleifend pede libero quis orci. Nullam molestie nibh in lectus. Pellentesque at nulla. Suspendisse potenti.', 65);
INSERT INTO notas (id, titulo, creacion, modificacion, descripcion, usuario) VALUES (79, 'Nam tristique tortor eu pede.', '2021-04-06', '2021-03-28', 'Morbi non quam nec dui luctus rutrum. Nulla tellus. In sagittis dui vel nisl. Duis ac nibh. Fusce lacus purus, aliquet at, feugiat non, pretium quis, lectus. Suspendisse potenti. In eleifend quam a odio. In hac habitasse platea dictumst.', 76);
INSERT INTO notas (id, titulo, creacion, modificacion, descripcion, usuario) VALUES (80, 'Mauris enim leo, rhoncus sed, vestibulum sit amet, cursus id, turpis.', '2021-02-26', '2021-05-09', 'In hac habitasse platea dictumst. Maecenas ut massa quis augue luctus tincidunt. Nulla mollis molestie lorem. Quisque ut erat. Curabitur gravida nisi at nibh. In hac habitasse platea dictumst. Aliquam augue quam, sollicitudin vitae, consectetuer eget, rutrum at, lorem. Integer tincidunt ante vel ipsum. Praesent blandit lacinia erat. Vestibulum sed magna at nunc commodo placerat. Praesent blandit. Nam nulla. Integer pede justo, lacinia eget, tincidunt eget, tempus vel, pede. Morbi porttitor lorem id ligula. Suspendisse ornare consequat lectus. In est risus, auctor sed, tristique in, tempus sit amet, sem. Fusce consequat. Nulla nisl. Nunc nisl. Duis bibendum, felis sed interdum venenatis, turpis enim blandit mi, in porttitor pede justo eu massa.', 18);
INSERT INTO notas (id, titulo, creacion, modificacion, descripcion, usuario) VALUES (81, 'Cras in purus eu magna vulputate luctus.', '2021-09-22', '2021-02-21', 'Proin interdum mauris non ligula pellentesque ultrices. Phasellus id sapien in sapien iaculis congue.', 16);
INSERT INTO notas (id, titulo, creacion, modificacion, descripcion, usuario) VALUES (82, 'Praesent lectus.', '2020-11-14', '2021-07-10', 'Duis consequat dui nec nisi volutpat eleifend. Donec ut dolor. Morbi vel lectus in quam fringilla rhoncus. Mauris enim leo, rhoncus sed, vestibulum sit amet, cursus id, turpis. Integer aliquet, massa id lobortis convallis, tortor risus dapibus augue, vel accumsan tellus nisi eu orci. Mauris lacinia sapien quis libero. Nullam sit amet turpis elementum ligula vehicula consequat. Morbi a ipsum. Integer a nibh. In quis justo. Maecenas rhoncus aliquam lacus. Morbi quis tortor id nulla ultrices aliquet. Maecenas leo odio, condimentum id, luctus nec, molestie sed, justo. Pellentesque viverra pede ac diam. Cras pellentesque volutpat dui. Maecenas tristique, est et tempus semper, est quam pharetra magna, ac consequat metus sapien ut nunc. Vestibulum ante ipsum primis in faucibus orci luctus et ultrices posuere cubilia Curae; Mauris viverra diam vitae quam. Suspendisse potenti. Nullam porttitor lacus at turpis.', 41);
INSERT INTO notas (id, titulo, creacion, modificacion, descripcion, usuario) VALUES (83, 'Pellentesque ultrices mattis odio.', '2021-02-26', '2021-09-19', 'Integer aliquet, massa id lobortis convallis, tortor risus dapibus augue, vel accumsan tellus nisi eu orci. Mauris lacinia sapien quis libero. Nullam sit amet turpis elementum ligula vehicula consequat. Morbi a ipsum. Integer a nibh. In quis justo. Maecenas rhoncus aliquam lacus. Morbi quis tortor id nulla ultrices aliquet. Maecenas leo odio, condimentum id, luctus nec, molestie sed, justo. Pellentesque viverra pede ac diam. Cras pellentesque volutpat dui. Maecenas tristique, est et tempus semper, est quam pharetra magna, ac consequat metus sapien ut nunc. Vestibulum ante ipsum primis in faucibus orci luctus et ultrices posuere cubilia Curae; Mauris viverra diam vitae quam. Suspendisse potenti. Nullam porttitor lacus at turpis. Donec posuere metus vitae ipsum. Aliquam non mauris. Morbi non lectus.', 86);
INSERT INTO notas (id, titulo, creacion, modificacion, descripcion, usuario) VALUES (84, 'Duis aliquam convallis nunc.', '2021-01-02', '2021-01-02', 'Morbi non quam nec dui luctus rutrum. Nulla tellus. In sagittis dui vel nisl. Duis ac nibh. Fusce lacus purus, aliquet at, feugiat non, pretium quis, lectus. Suspendisse potenti. In eleifend quam a odio. In hac habitasse platea dictumst. Maecenas ut massa quis augue luctus tincidunt.', 32);
INSERT INTO notas (id, titulo, creacion, modificacion, descripcion, usuario) VALUES (85, 'Donec semper sapien a libero.', '2021-08-14', '2021-08-09', 'In sagittis dui vel nisl. Duis ac nibh. Fusce lacus purus, aliquet at, feugiat non, pretium quis, lectus. Suspendisse potenti. In eleifend quam a odio. In hac habitasse platea dictumst. Maecenas ut massa quis augue luctus tincidunt. Nulla mollis molestie lorem. Quisque ut erat.', 40);
INSERT INTO notas (id, titulo, creacion, modificacion, descripcion, usuario) VALUES (86, 'Pellentesque eget nunc.', '2020-11-15', '2021-05-28', 'Phasellus id sapien in sapien iaculis congue.', 79);
INSERT INTO notas (id, titulo, creacion, modificacion, descripcion, usuario) VALUES (87, 'Etiam vel augue.', '2020-12-26', '2021-08-17', 'Sed sagittis. Nam congue, risus semper porta volutpat, quam pede lobortis ligula, sit amet eleifend pede libero quis orci. Nullam molestie nibh in lectus. Pellentesque at nulla. Suspendisse potenti. Cras in purus eu magna vulputate luctus. Cum sociis natoque penatibus et magnis dis parturient montes, nascetur ridiculus mus. Vivamus vestibulum sagittis sapien. Cum sociis natoque penatibus et magnis dis parturient montes, nascetur ridiculus mus. Etiam vel augue. Vestibulum rutrum rutrum neque. Aenean auctor gravida sem. Praesent id massa id nisl venenatis lacinia. Aenean sit amet justo. Morbi ut odio. Cras mi pede, malesuada in, imperdiet et, commodo vulputate, justo. In blandit ultrices enim. Lorem ipsum dolor sit amet, consectetuer adipiscing elit.', 10);
INSERT INTO notas (id, titulo, creacion, modificacion, descripcion, usuario) VALUES (88, 'Sed sagittis.', '2021-01-08', '2021-06-06', 'Vestibulum rutrum rutrum neque. Aenean auctor gravida sem. Praesent id massa id nisl venenatis lacinia. Aenean sit amet justo. Morbi ut odio. Cras mi pede, malesuada in, imperdiet et, commodo vulputate, justo. In blandit ultrices enim. Lorem ipsum dolor sit amet, consectetuer adipiscing elit. Proin interdum mauris non ligula pellentesque ultrices. Phasellus id sapien in sapien iaculis congue. Vivamus metus arcu, adipiscing molestie, hendrerit at, vulputate vitae, nisl. Aenean lectus. Pellentesque eget nunc. Donec quis orci eget orci vehicula condimentum. Curabitur in libero ut massa volutpat convallis. Morbi odio odio, elementum eu, interdum eu, tincidunt in, leo. Maecenas pulvinar lobortis est.', 78);
INSERT INTO notas (id, titulo, creacion, modificacion, descripcion, usuario) VALUES (89, 'Curabitur in libero ut massa volutpat convallis.', '2021-07-21', '2021-02-05', 'Aliquam sit amet diam in magna bibendum imperdiet. Nullam orci pede, venenatis non, sodales sed, tincidunt eu, felis. Fusce posuere felis sed lacus. Morbi sem mauris, laoreet ut, rhoncus aliquet, pulvinar sed, nisl. Nunc rhoncus dui vel sem. Sed sagittis. Nam congue, risus semper porta volutpat, quam pede lobortis ligula, sit amet eleifend pede libero quis orci. Nullam molestie nibh in lectus. Pellentesque at nulla. Suspendisse potenti.', 26);
INSERT INTO notas (id, titulo, creacion, modificacion, descripcion, usuario) VALUES (90, 'Nulla ac enim.', '2021-04-06', '2021-08-29', 'Praesent lectus. Vestibulum quam sapien, varius ut, blandit non, interdum in, ante. Vestibulum ante ipsum primis in faucibus orci luctus et ultrices posuere cubilia Curae; Duis faucibus accumsan odio. Curabitur convallis. Duis consequat dui nec nisi volutpat eleifend. Donec ut dolor. Morbi vel lectus in quam fringilla rhoncus. Mauris enim leo, rhoncus sed, vestibulum sit amet, cursus id, turpis. Integer aliquet, massa id lobortis convallis, tortor risus dapibus augue, vel accumsan tellus nisi eu orci. Mauris lacinia sapien quis libero. Nullam sit amet turpis elementum ligula vehicula consequat. Morbi a ipsum. Integer a nibh.', 92);
INSERT INTO notas (id, titulo, creacion, modificacion, descripcion, usuario) VALUES (91, 'Vestibulum rutrum rutrum neque.', '2020-10-22', '2021-06-29', 'Etiam pretium iaculis justo.', 16);
INSERT INTO notas (id, titulo, creacion, modificacion, descripcion, usuario) VALUES (92, 'Maecenas metus sapien ut nunc.', '2021-01-15', '2021-07-25', 'Fusce posuere felis sed lacus. Morbi sem mauris, laoreet ut, rhoncus aliquet, pulvinar sed, nisl. Nunc rhoncus dui vel sem. Sed sagittis. Nam congue, risus semper porta volutpat, quam pede lobortis ligula, sit amet eleifend pede libero quis orci. Nullam molestie nibh in lectus. Pellentesque at nulla. Suspendisse potenti. Cras in purus eu magna vulputate luctus. Cum sociis natoque penatibus et magnis dis parturient montes, nascetur ridiculus mus. Vivamus vestibulum sagittis sapien. Cum sociis natoque penatibus et magnis dis parturient montes, nascetur ridiculus mus. Etiam vel augue. Vestibulum rutrum rutrum neque. Aenean auctor gravida sem. Praesent id massa id nisl venenatis lacinia. Aenean sit amet justo. Morbi ut odio. Cras mi pede, malesuada in, imperdiet et, commodo vulputate, justo.', 24);
INSERT INTO notas (id, titulo, creacion, modificacion, descripcion, usuario) VALUES (93, 'Nam dui.', '2021-02-14', '2020-10-23', 'Suspendisse ornare consequat lectus. In est risus, auctor sed, tristique in, tempus sit amet, sem. Fusce consequat. Nulla nisl. Nunc nisl. Duis bibendum, felis sed interdum venenatis, turpis enim blandit mi, in porttitor pede justo eu massa. Donec dapibus. Duis at velit eu est congue elementum. In hac habitasse platea dictumst.', 73);
INSERT INTO notas (id, titulo, creacion, modificacion, descripcion, usuario) VALUES (94, 'Quisque porta volutpat erat.', '2021-03-31', '2021-08-06', 'Curabitur gravida nisi at nibh. In hac habitasse platea dictumst. Aliquam augue quam, sollicitudin vitae, consectetuer eget, rutrum at, lorem. Integer tincidunt ante vel ipsum. Praesent blandit lacinia erat. Vestibulum sed magna at nunc commodo placerat. Praesent blandit. Nam nulla. Integer pede justo, lacinia eget, tincidunt eget, tempus vel, pede. Morbi porttitor lorem id ligula. Suspendisse ornare consequat lectus. In est risus, auctor sed, tristique in, tempus sit amet, sem.', 85);
INSERT INTO notas (id, titulo, creacion, modificacion, descripcion, usuario) VALUES (95, 'Curabitur gravida nisi at nibh.', '2020-12-27', '2021-03-11', 'Integer tincidunt ante vel ipsum. Praesent blandit lacinia erat. Vestibulum sed magna at nunc commodo placerat. Praesent blandit. Nam nulla. Integer pede justo, lacinia eget, tincidunt eget, tempus vel, pede. Morbi porttitor lorem id ligula. Suspendisse ornare consequat lectus. In est risus, auctor sed, tristique in, tempus sit amet, sem. Fusce consequat.', 98);
INSERT INTO notas (id, titulo, creacion, modificacion, descripcion, usuario) VALUES (96, 'Cras in purus eu magna vulputate luctus.', '2021-08-15', '2021-04-12', 'Duis bibendum, felis sed interdum venenatis, turpis enim blandit mi, in porttitor pede justo eu massa. Donec dapibus. Duis at velit eu est congue elementum. In hac habitasse platea dictumst. Morbi vestibulum, velit id pretium iaculis, diam erat fermentum justo, nec condimentum neque sapien placerat ante. Nulla justo. Aliquam quis turpis eget elit sodales scelerisque. Mauris sit amet eros. Suspendisse accumsan tortor quis turpis. Sed ante. Vivamus tortor. Duis mattis egestas metus.', 83);
INSERT INTO notas (id, titulo, creacion, modificacion, descripcion, usuario) VALUES (97, 'Vestibulum lobortis sapien sapien non mi.', '2021-04-13', '2021-08-07', 'Cras pellentesque volutpat dui. Maecenas tristique, est et tempus semper, est quam pharetra magna, ac consequat metus sapien ut nunc. Vestibulum ante ipsum primis in faucibus orci luctus et ultrices posuere cubilia Curae; Mauris viverra diam vitae quam. Suspendisse potenti. Nullam porttitor lacus at turpis. Donec posuere metus vitae ipsum. Aliquam non mauris. Morbi non lectus.', 26);
INSERT INTO notas (id, titulo, creacion, modificacion, descripcion, usuario) VALUES (98, 'Mauris lacinia sapien quis libero.', '2021-02-04', '2021-07-22', 'Morbi odio odio, elementum eu, interdum eu, tincidunt in, leo. Maecenas pulvinar lobortis est. Phasellus sit amet erat. Nulla tempus. Vivamus in felis eu sapien cursus vestibulum. Proin eu mi. Nulla ac enim. In tempor, turpis nec euismod scelerisque, quam turpis adipiscing lorem, vitae mattis nibh ligula nec sem. Duis aliquam convallis nunc. Proin at turpis a pede posuere nonummy. Integer non velit. Donec diam neque, vestibulum eget, vulputate ut, ultrices vel, augue. Vestibulum ante ipsum primis in faucibus orci luctus et ultrices posuere cubilia Curae; Donec pharetra, magna vestibulum aliquet ultrices, erat tortor sollicitudin mi, sit amet lobortis sapien sapien non mi.', 85);
INSERT INTO notas (id, titulo, creacion, modificacion, descripcion, usuario) VALUES (99, 'Vestibulum notasviverra diam vitae quam.', '2021-05-08', '2021-03-09', 'Suspendisse ornare consequat lectus. In est risus, auctor sed, tristique in, tempus sit amet, sem. Fusce consequat. Nulla nisl. Nunc nisl. Duis bibendum, felis sed interdum venenatis, turpis enim blandit mi, in porttitor pede justo eu massa. Donec dapibus. Duis at velit eu est congue elementum. In hac habitasse platea dictumst. Morbi vestibulum, velit id pretium iaculis, diam erat fermentum justo, nec condimentum neque sapien placerat ante. Nulla justo. Aliquam quis turpis eget elit sodales scelerisque. Mauris sit amet eros.', 33);
 
DROP TABLE IF EXISTS `notas_categorias`;  
CREATE TABLE `notas_categorias` (
  `id` INT NOT NULL AUTO_INCREMENT,
  `id_nota` INT NOT NULL,
  `id_categoria` INT NOT NULL,
  PRIMARY KEY (`id`),
  KEY `id_nota_foreign` (`id_nota`),
  KEY `id_categoria_foreign` (`id_categoria`),
  CONSTRAINT `id_nota_foreign` FOREIGN KEY (`id_nota`) REFERENCES `notas` (`id`),
  CONSTRAINT `id_categoria_foreign` FOREIGN KEY (`id_categoria`) REFERENCES `categorias` (`id`));
  
    
INSERT INTO notas_categorias (id, id_nota, id_categoria) VALUES (1, 27, 9);
INSERT INTO notas_categorias (id, id_nota, id_categoria) VALUES (2, 46, 23);
INSERT INTO notas_categorias (id, id_nota, id_categoria) VALUES (3, 82, 10);
INSERT INTO notas_categorias (id, id_nota, id_categoria) VALUES (4, 71, 29);
INSERT INTO notas_categorias (id, id_nota, id_categoria) VALUES (5, 84, 23);
INSERT INTO notas_categorias (id, id_nota, id_categoria) VALUES (6, 14, 22);
INSERT INTO notas_categorias (id, id_nota, id_categoria) VALUES (7, 8, 16);
INSERT INTO notas_categorias (id, id_nota, id_categoria) VALUES (8, 51, 18);
INSERT INTO notas_categorias (id, id_nota, id_categoria) VALUES (9, 93, 21);
INSERT INTO notas_categorias (id, id_nota, id_categoria) VALUES (10, 23, 1);
INSERT INTO notas_categorias (id, id_nota, id_categoria) VALUES (11, 40, 6);
INSERT INTO notas_categorias (id, id_nota, id_categoria) VALUES (12, 54, 7);
INSERT INTO notas_categorias (id, id_nota, id_categoria) VALUES (13, 39, 12);
INSERT INTO notas_categorias (id, id_nota, id_categoria) VALUES (14, 17, 26);
INSERT INTO notas_categorias (id, id_nota, id_categoria) VALUES (15, 75, 7);
INSERT INTO notas_categorias (id, id_nota, id_categoria) VALUES (16, 48, 14);
INSERT INTO notas_categorias (id, id_nota, id_categoria) VALUES (17, 72, 7);
INSERT INTO notas_categorias (id, id_nota, id_categoria) VALUES (18, 44, 28);
INSERT INTO notas_categorias (id, id_nota, id_categoria) VALUES (19, 2, 26);
INSERT INTO notas_categorias (id, id_nota, id_categoria) VALUES (20, 89, 10);
INSERT INTO notas_categorias (id, id_nota, id_categoria) VALUES (21, 78, 29);
INSERT INTO notas_categorias (id, id_nota, id_categoria) VALUES (22, 24, 18);
INSERT INTO notas_categorias (id, id_nota, id_categoria) VALUES (23, 90, 27);
INSERT INTO notas_categorias (id, id_nota, id_categoria) VALUES (24, 75, 10);
INSERT INTO notas_categorias (id, id_nota, id_categoria) VALUES (25, 41, 7);
INSERT INTO notas_categorias (id, id_nota, id_categoria) VALUES (26, 69, 23);
INSERT INTO notas_categorias (id, id_nota, id_categoria) VALUES (27, 33, 3);
INSERT INTO notas_categorias (id, id_nota, id_categoria) VALUES (28, 19, 18);
INSERT INTO notas_categorias (id, id_nota, id_categoria) VALUES (29, 40, 1);
INSERT INTO notas_categorias (id, id_nota, id_categoria) VALUES (30, 3, 2);
INSERT INTO notas_categorias (id, id_nota, id_categoria) VALUES (31, 60, 26);
INSERT INTO notas_categorias (id, id_nota, id_categoria) VALUES (32, 22, 15);
INSERT INTO notas_categorias (id, id_nota, id_categoria) VALUES (33, 92, 20);
INSERT INTO notas_categorias (id, id_nota, id_categoria) VALUES (34, 11, 14);
INSERT INTO notas_categorias (id, id_nota, id_categoria) VALUES (35, 86, 6);
INSERT INTO notas_categorias (id, id_nota, id_categoria) VALUES (36, 68, 30);
INSERT INTO notas_categorias (id, id_nota, id_categoria) VALUES (37, 56, 12);
INSERT INTO notas_categorias (id, id_nota, id_categoria) VALUES (38, 17, 27);
INSERT INTO notas_categorias (id, id_nota, id_categoria) VALUES (39, 1, 26);
INSERT INTO notas_categorias (id, id_nota, id_categoria) VALUES (40, 77, 20);
INSERT INTO notas_categorias (id, id_nota, id_categoria) VALUES (41, 54, 27);
INSERT INTO notas_categorias (id, id_nota, id_categoria) VALUES (42, 62, 20);
INSERT INTO notas_categorias (id, id_nota, id_categoria) VALUES (43, 21, 14);
INSERT INTO notas_categorias (id, id_nota, id_categoria) VALUES (44, 10, 13);
INSERT INTO notas_categorias (id, id_nota, id_categoria) VALUES (45, 47, 8);
INSERT INTO notas_categorias (id, id_nota, id_categoria) VALUES (46, 64, 18);
INSERT INTO notas_categorias (id, id_nota, id_categoria) VALUES (47, 76, 8);
INSERT INTO notas_categorias (id, id_nota, id_categoria) VALUES (48, 83, 27);
INSERT INTO notas_categorias (id, id_nota, id_categoria) VALUES (49, 31, 20);
INSERT INTO notas_categorias (id, id_nota, id_categoria) VALUES (50, 75, 1);
INSERT INTO notas_categorias (id, id_nota, id_categoria) VALUES (51, 74, 22);
INSERT INTO notas_categorias (id, id_nota, id_categoria) VALUES (52, 80, 5);
INSERT INTO notas_categorias (id, id_nota, id_categoria) VALUES (53, 34, 19);
INSERT INTO notas_categorias (id, id_nota, id_categoria) VALUES (54, 19, 13);
INSERT INTO notas_categorias (id, id_nota, id_categoria) VALUES (55, 21, 11);
INSERT INTO notas_categorias (id, id_nota, id_categoria) VALUES (56, 16, 2);
INSERT INTO notas_categorias (id, id_nota, id_categoria) VALUES (57, 78, 1);
INSERT INTO notas_categorias (id, id_nota, id_categoria) VALUES (58, 72, 14);
INSERT INTO notas_categorias (id, id_nota, id_categoria) VALUES (59, 3, 23);
INSERT INTO notas_categorias (id, id_nota, id_categoria) VALUES (60, 35, 21);
INSERT INTO notas_categorias (id, id_nota, id_categoria) VALUES (61, 65, 7);
INSERT INTO notas_categorias (id, id_nota, id_categoria) VALUES (62, 45, 21);
INSERT INTO notas_categorias (id, id_nota, id_categoria) VALUES (63, 84, 25);
INSERT INTO notas_categorias (id, id_nota, id_categoria) VALUES (64, 6, 28);
INSERT INTO notas_categorias (id, id_nota, id_categoria) VALUES (65, 78, 13);
INSERT INTO notas_categorias (id, id_nota, id_categoria) VALUES (66, 93, 3);
INSERT INTO notas_categorias (id, id_nota, id_categoria) VALUES (67, 21, 7);
INSERT INTO notas_categorias (id, id_nota, id_categoria) VALUES (68, 90, 26);
INSERT INTO notas_categorias (id, id_nota, id_categoria) VALUES (69, 40, 18);
INSERT INTO notas_categorias (id, id_nota, id_categoria) VALUES (70, 32, 5);
INSERT INTO notas_categorias (id, id_nota, id_categoria) VALUES (71, 49, 4);
INSERT INTO notas_categorias (id, id_nota, id_categoria) VALUES (72, 43, 25);
INSERT INTO notas_categorias (id, id_nota, id_categoria) VALUES (73, 38, 27);
INSERT INTO notas_categorias (id, id_nota, id_categoria) VALUES (74, 25, 4);
INSERT INTO notas_categorias (id, id_nota, id_categoria) VALUES (75, 56, 13);
INSERT INTO notas_categorias (id, id_nota, id_categoria) VALUES (76, 42, 25);
INSERT INTO notas_categorias (id, id_nota, id_categoria) VALUES (77, 7, 8);
INSERT INTO notas_categorias (id, id_nota, id_categoria) VALUES (78, 26, 28);
INSERT INTO notas_categorias (id, id_nota, id_categoria) VALUES (79, 88, 29);
INSERT INTO notas_categorias (id, id_nota, id_categoria) VALUES (80, 97, 24);
INSERT INTO notas_categorias (id, id_nota, id_categoria) VALUES (81, 10, 17);
INSERT INTO notas_categorias (id, id_nota, id_categoria) VALUES (82, 70, 23);
INSERT INTO notas_categorias (id, id_nota, id_categoria) VALUES (83, 57, 29);
INSERT INTO notas_categorias (id, id_nota, id_categoria) VALUES (84, 6, 17);
INSERT INTO notas_categorias (id, id_nota, id_categoria) VALUES (85, 42, 27);
INSERT INTO notas_categorias (id, id_nota, id_categoria) VALUES (86, 68, 4);
INSERT INTO notas_categorias (id, id_nota, id_categoria) VALUES (87, 67, 25);
INSERT INTO notas_categorias (id, id_nota, id_categoria) VALUES (88, 96, 24);
INSERT INTO notas_categorias (id, id_nota, id_categoria) VALUES (89, 5, 19);
INSERT INTO notas_categorias (id, id_nota, id_categoria) VALUES (90, 64, 6);
INSERT INTO notas_categorias (id, id_nota, id_categoria) VALUES (91, 65, 21);
INSERT INTO notas_categorias (id, id_nota, id_categoria) VALUES (92, 65, 6);
INSERT INTO notas_categorias (id, id_nota, id_categoria) VALUES (93, 45, 2);
INSERT INTO notas_categorias (id, id_nota, id_categoria) VALUES (94, 13, 23);
INSERT INTO notas_categorias (id, id_nota, id_categoria) VALUES (95, 57, 20);
INSERT INTO notas_categorias (id, id_nota, id_categoria) VALUES (96, 93, 30);
INSERT INTO notas_categorias (id, id_nota, id_categoria) VALUES (97, 51, 25);
INSERT INTO notas_categorias (id, id_nota, id_categoria) VALUES (98, 35, 21);
INSERT INTO notas_categorias (id, id_nota, id_categoria) VALUES (99, 95, 26);
